timestamp,t_rel,client_id,ground_truth_class,text_len,max_new_tokens,status_code,latency_ms,model_ms,error
2026-09-08T19:21:34.781699+00:00,0.451,legit-000,legitimate,58,16,200,427.09,366.26,
2026-09-08T19:21:34.807921+00:00,0.477,legit-001,legitimate,38,16,200,452.76,391.08,
2026-09-08T19:21:35.159709+00:00,0.829,legit-002,legitimate,38,16,200,804.19,378.02,
2026-09-08T19:21:35.194027+00:00,0.863,legit-003,legitimate,58,16,200,838.14,385.59,
2026-09-08T19:21:36.132651+00:00,1.802,legit-000,legitimate,38,16,200,329.41,322.77,
2026-09-08T19:21:36.164025+00:00,1.833,legit-001,legitimate,55,16,200,376.48,369.86,
2026-09-08T19:21:36.895981+00:00,2.565,legit-003,legitimate,38,16,200,359.64,352.48,
2026-09-08T19:21:36.920579+00:00,2.59,legit-002,legitimate,41,16,200,371.49,365.87,
2026-09-08T19:21:37.376718+00:00,3.046,legit-001,legitimate,55,16,200,386.51,379.66,
2026-09-08T19:21:37.796691+00:00,3.466,legit-000,legitimate,58,16,200,390.53,383.69,
2026-09-08T19:21:38.227308+00:00,3.896,legit-003,legitimate,35,16,200,345.12,338.23,
2026-09-08T19:21:38.583195+00:00,4.252,legit-002,legitimate,41,16,200,379.61,372.88,
2026-09-08T19:21:38.684924+00:00,4.354,legit-001,legitimate,36,16,200,348.88,342.25,
2026-09-08T19:21:39.495209+00:00,5.164,legit-000,legitimate,41,16,200,335.25,327.55,
2026-09-08T19:21:39.721187+00:00,5.39,legit-003,legitimate,58,16,200,333.34,326.5,
2026-09-08T19:21:39.840777+00:00,5.51,legit-001,legitimate,35,16,200,349.52,340.16,
2026-09-08T19:21:40.399376+00:00,6.068,legit-002,legitimate,36,16,200,367.89,360.68,
2026-09-08T19:21:40.915537+00:00,6.585,legit-000,legitimate,35,16,200,347.77,341.11,
2026-09-08T19:21:41.036092+00:00,6.705,legit-003,legitimate,38,16,200,389.44,381.26,
2026-09-08T19:21:41.627034+00:00,7.296,legit-002,legitimate,36,16,200,345.31,338.35,
2026-09-08T19:21:41.791143+00:00,7.46,legit-001,legitimate,38,16,200,384.18,376.94,
2026-09-08T19:21:42.351577+00:00,8.021,legit-000,legitimate,35,16,200,348.09,341.19,
2026-09-08T19:21:42.460812+00:00,8.13,legit-003,legitimate,38,16,200,349.1,341.57,
2026-09-08T19:21:43.401868+00:00,9.071,legit-002,legitimate,55,16,200,390.33,383.49,
2026-09-08T19:21:43.410129+00:00,9.079,legit-001,legitimate,36,16,200,388.99,382.29,
2026-09-08T19:21:43.969489+00:00,9.639,legit-000,legitimate,38,16,200,374.41,367.19,
2026-09-08T19:21:44.289058+00:00,9.958,legit-003,legitimate,58,16,200,363.55,356.62,
2026-09-08T19:21:44.695627+00:00,10.365,atk-000,attack,38,16,200,354.07,347.73,
2026-09-08T19:21:44.732776+00:00,10.402,atk-001,attack,41,16,200,340.63,332.45,
2026-09-08T19:21:44.904543+00:00,10.574,atk-011,attack,36,16,503,4.28,,
2026-09-08T19:21:44.955742+00:00,10.625,atk-000,attack,58,16,503,4.86,,
2026-09-08T19:21:45.004600+00:00,10.674,atk-001,attack,58,16,503,2.88,,
2026-09-08T19:21:45.026285+00:00,10.695,atk-002,attack,38,16,200,583.18,328.05,
2026-09-08T19:21:45.056062+00:00,10.725,atk-002,attack,38,16,503,2.54,,
2026-09-08T19:21:45.069060+00:00,10.738,atk-003,attack,35,16,200,574.88,337.12,
2026-09-08T19:21:45.157672+00:00,10.827,atk-004,attack,58,16,503,2.81,,
2026-09-08T19:21:45.208895+00:00,10.878,atk-005,attack,41,16,503,2.91,,
2026-09-08T19:21:45.260434+00:00,10.929,atk-006,attack,55,16,503,3.22,,
2026-09-08T19:21:45.310546+00:00,10.98,atk-007,attack,58,16,503,2.79,,
2026-09-08T19:21:45.360964+00:00,11.03,atk-008,attack,41,16,503,2.76,,
2026-09-08T19:21:45.412013+00:00,11.081,atk-009,attack,35,16,503,2.8,,
2026-09-08T19:21:45.417827+00:00,11.087,atk-004,attack,36,16,200,872.46,388.67,
2026-09-08T19:21:45.418337+00:00,11.087,atk-005,attack,35,16,200,822.0,347.0,
2026-09-08T19:21:45.512415+00:00,11.181,atk-011,attack,36,16,503,2.62,,
2026-09-08T19:21:45.563545+00:00,11.233,atk-000,attack,58,16,503,2.81,,
2026-09-08T19:21:45.614975+00:00,11.284,atk-001,attack,58,16,503,3.08,,
2026-09-08T19:21:45.665686+00:00,11.335,atk-002,attack,55,16,503,3.03,,
2026-09-08T19:21:45.715990+00:00,11.385,atk-003,attack,41,16,503,3.02,,
2026-09-08T19:21:45.766488+00:00,11.436,atk-004,attack,58,16,503,3.11,,
2026-09-08T19:21:45.773566+00:00,11.443,atk-006,attack,58,16,200,1126.93,357.26,
2026-09-08T19:21:45.785507+00:00,11.455,legit-002,legitimate,36,16,200,1121.03,369.72,
2026-09-08T19:21:45.867258+00:00,11.536,atk-006,attack,41,16,503,3.05,,
2026-09-08T19:21:45.917438+00:00,11.586,atk-007,attack,38,16,503,2.86,,
2026-09-08T19:21:45.968590+00:00,11.638,atk-008,attack,36,16,503,2.82,,
2026-09-08T19:21:46.019337+00:00,11.688,atk-009,attack,35,16,503,2.65,,
2026-09-08T19:21:46.070827+00:00,11.74,atk-010,attack,36,16,429,3.14,,
2026-09-08T19:21:46.104830+00:00,11.774,atk-007,attack,41,16,200,1407.71,331.08,
2026-09-08T19:21:46.168160+00:00,11.837,atk-008,attack,36,16,200,1420.05,382.34,
2026-09-08T19:21:46.223113+00:00,11.892,atk-001,attack,55,16,503,2.77,,
2026-09-08T19:21:46.274127+00:00,11.943,atk-002,attack,58,16,503,2.79,,
2026-09-08T19:21:46.325985+00:00,11.995,atk-003,attack,36,16,503,3.52,,
2026-09-08T19:21:46.376213+00:00,12.045,atk-004,attack,41,16,503,2.92,,
2026-09-08T19:21:46.427569+00:00,12.097,atk-005,attack,58,16,503,3.0,,
2026-09-08T19:21:46.454785+00:00,12.124,legit-001,legitimate,36,16,200,1680.11,349.92,
2026-09-08T19:21:46.528790+00:00,12.198,atk-007,attack,35,16,503,2.88,,
2026-09-08T19:21:46.549833+00:00,12.219,atk-009,attack,41,16,200,1751.03,381.49,
2026-09-08T19:21:46.631123+00:00,12.3,atk-009,attack,36,16,503,3.54,,
2026-09-08T19:21:46.681933+00:00,12.351,atk-010,attack,41,16,429,3.49,,
2026-09-08T19:21:46.732806+00:00,12.402,atk-011,attack,41,16,503,3.52,,
2026-09-08T19:21:46.784593+00:00,12.454,atk-000,attack,58,16,503,4.46,,
2026-09-08T19:21:46.803019+00:00,12.472,atk-010,attack,58,16,200,1953.04,347.11,
2026-09-08T19:21:46.834806+00:00,12.504,atk-001,attack,55,16,503,3.47,,
2026-09-08T19:21:46.885308+00:00,12.554,atk-002,attack,36,16,503,3.62,,
2026-09-08T19:21:46.889630+00:00,12.559,legit-000,legitimate,58,16,200,1937.33,338.58,
2026-09-08T19:21:46.935380+00:00,12.604,atk-003,attack,35,16,503,3.4,,
2026-09-08T19:21:46.987872+00:00,12.657,atk-004,attack,55,16,503,5.15,,
2026-09-08T19:21:47.036013+00:00,12.705,atk-005,attack,35,16,503,2.72,,
2026-09-08T19:21:47.087160+00:00,12.756,atk-006,attack,36,16,503,2.88,,
2026-09-08T19:21:47.138234+00:00,12.807,atk-007,attack,41,16,503,2.74,,
2026-09-08T19:21:47.185934+00:00,12.855,atk-003,attack,55,16,200,2081.66,384.04,
2026-09-08T19:21:47.223210+00:00,12.892,legit-003,legitimate,41,16,200,1901.44,334.64,
2026-09-08T19:21:47.290840+00:00,12.96,atk-010,attack,38,16,503,2.89,,
2026-09-08T19:21:47.341985+00:00,13.011,atk-011,attack,38,16,503,2.85,,
2026-09-08T19:21:47.393051+00:00,13.062,atk-000,attack,41,16,503,2.8,,
2026-09-08T19:21:47.444367+00:00,13.113,atk-001,attack,58,16,503,3.02,,
2026-09-08T19:21:47.493587+00:00,13.163,atk-002,attack,41,16,503,2.11,,
2026-09-08T19:21:47.544640+00:00,13.214,atk-003,attack,58,16,503,2.78,,
2026-09-08T19:21:47.559101+00:00,13.228,atk-005,attack,38,16,200,1745.35,335.76,
2026-09-08T19:21:47.564187+00:00,13.233,atk-010,attack,35,16,200,2104.61,378.42,
2026-09-08T19:21:47.646007+00:00,13.315,atk-005,attack,55,16,503,2.92,,
2026-09-08T19:21:47.698529+00:00,13.368,atk-006,attack,35,16,503,3.5,,
2026-09-08T19:21:47.748733+00:00,13.418,atk-007,attack,35,16,503,2.88,,
2026-09-08T19:21:47.800356+00:00,13.469,atk-008,attack,55,16,429,3.3,,
2026-09-08T19:21:47.850658+00:00,13.52,atk-009,attack,35,16,503,2.95,,
2026-09-08T19:21:47.895969+00:00,13.565,atk-000,attack,41,16,200,1726.63,331.4,
2026-09-08T19:21:47.900654+00:00,13.57,atk-010,attack,55,16,503,2.47,,
2026-09-08T19:21:47.925234+00:00,13.594,atk-011,attack,38,16,200,1806.13,366.12,
2026-09-08T19:21:48.001769+00:00,13.671,atk-000,attack,55,16,503,2.59,,
2026-09-08T19:21:48.053665+00:00,13.723,atk-001,attack,38,16,503,3.58,,
2026-09-08T19:21:48.103956+00:00,13.773,atk-002,attack,58,16,503,2.97,,
2026-09-08T19:21:48.154146+00:00,13.823,atk-003,attack,58,16,503,2.91,,
2026-09-08T19:21:48.205535+00:00,13.875,atk-004,attack,38,16,503,3.08,,
2026-09-08T19:21:48.258695+00:00,13.928,atk-005,attack,58,16,503,5.88,,
2026-09-08T19:21:48.258865+00:00,13.928,atk-006,attack,58,16,200,1783.88,362.42,
2026-09-08T19:21:48.267963+00:00,13.937,atk-008,attack,41,16,200,1690.89,343.85,
2026-09-08T19:21:48.356883+00:00,14.026,atk-007,attack,58,16,503,2.95,,
2026-09-08T19:21:48.408117+00:00,14.077,atk-008,attack,36,16,503,2.98,,
2026-09-08T19:21:48.458715+00:00,14.128,atk-009,attack,36,16,503,2.75,,
2026-09-08T19:21:48.509338+00:00,14.178,atk-010,attack,35,16,503,2.41,,
2026-09-08T19:21:48.560585+00:00,14.23,atk-011,attack,41,16,503,2.97,,
2026-09-08T19:21:48.593335+00:00,14.262,atk-008,attack,41,16,200,1407.33,323.51,
2026-09-08T19:21:48.611317+00:00,14.28,atk-000,attack,35,16,429,2.71,,
2026-09-08T19:21:48.618353+00:00,14.287,legit-002,legitimate,55,16,200,1772.33,360.26,
2026-09-08T19:21:48.662469+00:00,14.332,atk-001,attack,58,16,429,2.8,,
2026-09-08T19:21:48.713879+00:00,14.383,atk-002,attack,58,16,429,3.04,,
2026-09-08T19:21:48.764583+00:00,14.434,atk-003,attack,36,16,429,3.37,,
2026-09-08T19:21:48.815209+00:00,14.484,atk-004,attack,55,16,429,3.29,,
2026-09-08T19:21:48.865944+00:00,14.535,atk-005,attack,41,16,429,3.33,,
2026-09-08T19:21:48.916338+00:00,14.585,atk-006,attack,55,16,429,3.05,,
2026-09-08T19:21:48.922039+00:00,14.591,atk-009,attack,38,16,200,1684.55,328.85,
2026-09-08T19:21:48.967253+00:00,14.636,atk-007,attack,38,16,429,2.9,,
2026-09-08T19:21:49.005251+00:00,14.674,atk-004,attack,35,16,200,1412.76,386.85,
2026-09-08T19:21:49.017774+00:00,14.687,atk-008,attack,58,16,429,2.31,,
2026-09-08T19:21:49.069073+00:00,14.738,atk-009,attack,36,16,429,2.97,,
2026-09-08T19:21:49.119304+00:00,14.788,atk-010,attack,58,16,429,2.93,,
2026-09-08T19:21:49.170691+00:00,14.84,atk-011,attack,55,16,429,3.07,,
2026-09-08T19:21:49.251805+00:00,14.921,legit-001,legitimate,38,16,200,1595.58,327.86,
2026-09-08T19:21:49.377337+00:00,15.046,atk-011,attack,36,16,200,1428.82,372.07,
2026-09-08T19:21:49.426216+00:00,15.095,atk-004,attack,55,16,503,3.9,,
2026-09-08T19:21:49.475483+00:00,15.145,atk-005,attack,55,16,503,2.91,,
2026-09-08T19:21:49.526700+00:00,15.196,atk-006,attack,36,16,503,2.94,,
2026-09-08T19:21:49.577665+00:00,15.247,atk-007,attack,35,16,503,2.7,,
2026-09-08T19:21:49.613673+00:00,15.283,legit-000,legitimate,55,16,200,1325.54,363.63,
2026-09-08T19:21:49.730783+00:00,15.4,atk-010,attack,41,16,503,3.85,,
2026-09-08T19:21:49.755313+00:00,15.424,atk-006,attack,36,16,200,1451.8,377.5,
2026-09-08T19:21:49.831533+00:00,15.501,atk-000,attack,41,16,503,3.36,,
2026-09-08T19:21:49.881633+00:00,15.551,atk-001,attack,55,16,503,2.79,,
2026-09-08T19:21:49.932809+00:00,15.602,atk-002,attack,38,16,503,2.82,,
2026-09-08T19:21:49.973129+00:00,15.642,legit-003,legitimate,38,16,200,1541.71,358.88,
2026-09-08T19:21:49.983072+00:00,15.652,atk-003,attack,35,16,503,2.56,,
2026-09-08T19:21:50.034157+00:00,15.703,atk-004,attack,38,16,503,2.85,,
2026-09-08T19:21:50.085822+00:00,15.755,atk-005,attack,55,16,503,3.31,,
2026-09-08T19:21:50.136986+00:00,15.806,atk-000,attack,55,16,200,918.95,377.89,
2026-09-08T19:21:50.187588+00:00,15.857,atk-007,attack,41,16,503,3.3,,
2026-09-08T19:21:50.237878+00:00,15.907,atk-008,attack,35,16,503,2.67,,
2026-09-08T19:21:50.289093+00:00,15.958,atk-009,attack,55,16,503,2.93,,
2026-09-08T19:21:50.301195+00:00,15.97,atk-001,attack,36,16,200,1032.14,328.14,
2026-09-08T19:21:50.339567+00:00,16.009,atk-010,attack,41,16,503,3.06,,
2026-09-08T19:21:50.390246+00:00,16.059,atk-011,attack,36,16,503,3.33,,
2026-09-08T19:21:50.440171+00:00,16.109,atk-000,attack,55,16,429,2.96,,
2026-09-08T19:21:50.494318+00:00,16.163,atk-001,attack,35,16,429,6.79,,
2026-09-08T19:21:50.494567+00:00,16.164,atk-002,attack,41,16,200,1174.61,357.84,
2026-09-08T19:21:50.541339+00:00,16.21,atk-002,attack,41,16,429,3.32,,
2026-09-08T19:21:50.592228+00:00,16.261,atk-003,attack,55,16,429,3.52,,
2026-09-08T19:21:50.633870+00:00,16.303,atk-003,attack,55,16,200,1263.21,331.3,
2026-09-08T19:21:50.642232+00:00,16.311,atk-004,attack,58,16,429,3.05,,
2026-09-08T19:21:50.693028+00:00,16.362,atk-005,attack,58,16,429,3.43,,
2026-09-08T19:21:50.743709+00:00,16.413,atk-006,attack,41,16,429,3.38,,
2026-09-08T19:21:50.794327+00:00,16.463,atk-007,attack,58,16,429,3.25,,
2026-09-08T19:21:50.845725+00:00,16.515,atk-008,attack,36,16,429,4.06,,
2026-09-08T19:21:50.860282+00:00,16.529,legit-002,legitimate,38,16,200,1438.63,367.52,
2026-09-08T19:21:50.895373+00:00,16.564,atk-009,attack,58,16,429,2.8,,
2026-09-08T19:21:50.947878+00:00,16.617,atk-010,attack,36,16,429,4.14,,
2026-09-08T19:21:50.960822+00:00,16.63,atk-008,attack,36,16,200,1334.91,327.2,
2026-09-08T19:21:50.997519+00:00,16.667,atk-011,attack,35,16,429,3.4,,
2026-09-08T19:21:51.200819+00:00,16.87,atk-003,attack,41,16,503,3.44,,
2026-09-08T19:21:51.212839+00:00,16.882,atk-009,attack,36,16,200,1536.52,351.77,
2026-09-08T19:21:51.302239+00:00,16.971,atk-005,attack,38,16,503,3.43,,
2026-09-08T19:21:51.326079+00:00,16.995,atk-011,attack,38,16,200,1548.45,365.2,
2026-09-08T19:21:51.402827+00:00,17.072,atk-007,attack,38,16,503,3.01,,
2026-09-08T19:21:51.453688+00:00,17.123,atk-008,attack,55,16,503,3.57,,
2026-09-08T19:21:51.505667+00:00,17.175,atk-009,attack,55,16,503,4.58,,
2026-09-08T19:21:51.555600+00:00,17.225,atk-010,attack,41,16,503,3.31,,
2026-09-08T19:21:51.596267+00:00,17.265,atk-006,attack,41,16,200,1462.91,383.95,
2026-09-08T19:21:51.656464+00:00,17.326,atk-000,attack,41,16,503,3.11,,
2026-09-08T19:21:51.706677+00:00,17.376,atk-001,attack,38,16,503,2.88,,
2026-09-08T19:21:51.715343+00:00,17.384,legit-001,legitimate,58,16,200,1503.56,389.91,
2026-09-08T19:21:51.758082+00:00,17.427,atk-002,attack,58,16,503,3.45,,
2026-09-08T19:21:51.808589+00:00,17.478,atk-003,attack,38,16,503,3.17,,
2026-09-08T19:21:51.858888+00:00,17.528,atk-004,attack,41,16,503,2.98,,
2026-09-08T19:21:51.909483+00:00,17.579,atk-005,attack,38,16,503,3.28,,
2026-09-08T19:21:51.952775+00:00,17.622,legit-000,legitimate,55,16,200,1522.23,355.76,
2026-09-08T19:21:52.010743+00:00,17.68,atk-007,attack,38,16,503,3.25,,
2026-09-08T19:21:52.040744+00:00,17.71,legit-003,legitimate,35,16,200,1198.18,324.94,
2026-09-08T19:21:52.111345+00:00,17.78,atk-009,attack,58,16,503,2.89,,
2026-09-08T19:21:52.162430+00:00,17.831,atk-010,attack,35,16,503,2.73,,
2026-09-08T19:21:52.213894+00:00,17.883,atk-011,attack,41,16,503,3.11,,
2026-09-08T19:21:52.264121+00:00,17.933,atk-000,attack,55,16,429,2.94,,
2026-09-08T19:21:52.286761+00:00,17.956,atk-000,attack,55,16,200,1241.84,335.26,
2026-09-08T19:21:52.314604+00:00,17.984,atk-001,attack,41,16,429,2.57,,
2026-09-08T19:21:52.365707+00:00,18.035,atk-002,attack,58,16,429,2.82,,
2026-09-08T19:21:52.389226+00:00,18.058,atk-001,attack,35,16,200,1293.17,348.88,
2026-09-08T19:21:52.416247+00:00,18.085,atk-003,attack,55,16,429,2.69,,
2026-09-08T19:21:52.466368+00:00,18.135,atk-004,attack,35,16,429,2.47,,
2026-09-08T19:21:52.517735+00:00,18.187,atk-005,attack,41,16,429,3.02,,
2026-09-08T19:21:52.568363+00:00,18.237,atk-006,attack,35,16,429,2.59,,
2026-09-08T19:21:52.619837+00:00,18.289,atk-007,attack,41,16,429,2.93,,
2026-09-08T19:21:52.644986+00:00,18.314,atk-002,attack,38,16,200,1498.01,358.84,
2026-09-08T19:21:52.670008+00:00,18.339,atk-008,attack,38,16,429,2.73,,
2026-09-08T19:21:52.721152+00:00,18.39,atk-009,attack,38,16,429,2.84,,
2026-09-08T19:21:52.769602+00:00,18.439,atk-004,attack,41,16,200,1521.49,379.4,
2026-09-08T19:21:52.772249+00:00,18.441,atk-010,attack,58,16,429,2.62,,
2026-09-08T19:21:52.823725+00:00,18.493,atk-011,attack,35,16,429,3.08,,
2026-09-08T19:21:53.026499+00:00,18.696,atk-003,attack,35,16,503,3.01,,
2026-09-08T19:21:53.034237+00:00,18.703,atk-006,attack,36,16,200,1684.92,387.97,
2026-09-08T19:21:53.130649+00:00,18.8,atk-005,attack,38,16,503,5.56,,
2026-09-08T19:21:53.130793+00:00,18.8,atk-011,attack,55,16,200,1528.19,360.71,
2026-09-08T19:21:53.229712+00:00,18.899,atk-007,attack,58,16,503,2.93,,
2026-09-08T19:21:53.282218+00:00,18.951,atk-008,attack,38,16,503,4.66,,
2026-09-08T19:21:53.331665+00:00,19.001,atk-009,attack,38,16,503,3.11,,
2026-09-08T19:21:53.378538+00:00,19.048,atk-006,attack,36,16,200,1421.54,343.21,
2026-09-08T19:21:53.381174+00:00,19.05,atk-010,attack,35,16,503,2.55,,
2026-09-08T19:21:53.432482+00:00,19.102,atk-011,attack,58,16,503,2.98,,
2026-09-08T19:21:53.482962+00:00,19.152,atk-000,attack,38,16,503,3.24,,
2026-09-08T19:21:53.518153+00:00,19.187,atk-008,attack,36,16,200,1460.18,386.78,
2026-09-08T19:21:53.535089+00:00,19.204,atk-001,attack,41,16,503,4.64,,
2026-09-08T19:21:53.584900+00:00,19.254,atk-002,attack,41,16,503,3.74,,
2026-09-08T19:21:53.635379+00:00,19.304,atk-003,attack,41,16,503,3.14,,
2026-09-08T19:21:53.686509+00:00,19.356,atk-004,attack,55,16,503,3.74,,
2026-09-08T19:21:53.737058+00:00,19.406,atk-005,attack,35,16,503,3.23,,
2026-09-08T19:21:53.756149+00:00,19.425,legit-002,legitimate,55,16,200,1298.67,377.72,
2026-09-08T19:21:53.787586+00:00,19.457,atk-006,attack,41,16,503,3.13,,
2026-09-08T19:21:53.838054+00:00,19.507,atk-007,attack,36,16,503,3.15,,
2026-09-08T19:21:53.869472+00:00,19.539,legit-001,legitimate,35,16,200,1296.92,352.36,
2026-09-08T19:21:53.940478+00:00,19.61,atk-009,attack,35,16,503,3.77,,
2026-09-08T19:21:53.990753+00:00,19.66,atk-010,attack,55,16,503,2.98,,
2026-09-08T19:21:54.042911+00:00,19.712,atk-011,attack,38,16,503,4.24,,
2026-09-08T19:21:54.092543+00:00,19.762,atk-000,attack,38,16,429,3.32,,
2026-09-08T19:21:54.121051+00:00,19.79,atk-000,attack,36,16,200,1249.99,366.06,
2026-09-08T19:21:54.143270+00:00,19.812,atk-001,attack,58,16,429,2.94,,
2026-09-08T19:21:54.194496+00:00,19.864,atk-002,attack,55,16,429,2.9,,
2026-09-08T19:21:54.227170+00:00,19.896,atk-001,attack,35,16,200,1305.38,357.39,
2026-09-08T19:21:54.245025+00:00,19.914,atk-003,attack,38,16,429,2.59,,
2026-09-08T19:21:54.296298+00:00,19.965,atk-004,attack,38,16,429,2.95,,
2026-09-08T19:21:54.475441+00:00,20.144,atk-002,attack,35,16,200,1503.03,353.06,
2026-09-08T19:21:54.554120+00:00,20.223,atk-004,attack,58,16,200,1479.6,325.89,
2026-09-08T19:21:54.830515+00:00,20.5,atk-006,attack,58,16,200,1654.42,356.08,
2026-09-08T19:21:54.906600+00:00,20.576,legit-003,legitimate,58,16,200,1653.66,354.24,
2026-09-08T19:21:55.190056+00:00,20.859,legit-000,legitimate,36,16,200,1712.31,359.57,
2026-09-08T19:21:55.292051+00:00,20.961,atk-008,attack,38,16,200,1406.26,385.25,
